{
    "round": 24,
    "timestamp": "2026-02-02T20:30:04.565698",
    "Sell_order": [],
    "Buy_order": [],
    "CASH": 183.25556474999996,
    "target_weight": {
        "TQQQ": 0.555217443324328,
        "EDC": 0.414782556675672,
        "CASH": 0.03
    },
    "target_qty": {
        "TQQQ": 27,
        "EDC": 15,
        "CASH": 146.41837725000005
    }
}