{
    "round": 0,
    "timestamp": "2025-11-09T08:46:13.873398",
    "Sell_order": [],
    "Buy_order": [],
    "CASH": 125.11,
    "target_weight": {
        "TQQQ": 0.5717192526632645,
        "EDC": 0.39828074733673546,
        "CASH": 0.03
    },
    "target_qty": {
        "TQQQ": 11,
        "EDC": 16,
        "CASH": 125.11000000000013
    },
    "sell_success_rate": "0/0",
    "buy_success_rate": "0/0"
}