{
    "Date": "2025-10-19",
    "ETH": 2e-08,
    "BTC": 0,
    "KRW": 103972434.30396159,
    "ETH_Position": "Hold_state",
    "BTC_Position": "Buy_full",
    "ETH_weight": 0.0,
    "BTC_weight": 0.5,
    "ETH_target": 0.0,
    "BTC_target": 0.2080899009631399,
    "ETHKRW_sell": 0.0,
    "BTCKRW_sell": 0.0,
    "KRWETH_buy": 0.0,
    "KRWBTC_buy": 34657478.10132053,
    "ETHKRW_balance": 0.12077958000000001,
    "BTCKRW_balance": 0.0,
    "KRW_balance": 103972434.30396159,
    "Total_balance": 103972434.42474116,
    "Last_ETH_weight": 0.0,
    "Last_BTC_weight": 0.25
}