{
    "Date": "2026-04-05",
    "ETH": 7.81030167,
    "BTC": 0.22439374,
    "KRW": 46125498.1798568,
    "ETH_Position": "Hold_state",
    "BTC_Position": "Buy_half",
    "Last_ETH_weight": 0.25,
    "Last_BTC_weight": 0.0,
    "ETH_weight": 0.25,
    "BTC_weight": 0.25,
    "ETH_target": 7.81030167,
    "BTC_target": 0.2231362796051442,
    "ETHKRW_sell": 0.0,
    "BTCKRW_sell": 0.0,
    "KRWETH_buy": 0.0,
    "KRWBTC_buy": 23012112.132732946,
    "ETHKRW_balance": 24457440.294543944,
    "BTCKRW_balance": 22887707.194873374,
    "KRW_balance": 46125498.1798568,
    "Total_balance": 93470421.38773099,
    "Last_day_balance": 93470421.38773099,
    "Last_month_balance": 94099294.66255851,
    "Last_year_balance": 98484833.32767163,
    "Daily_return": 0.11,
    "Monthly_return": -0.67,
    "Yearly_return": -5.09
}