{
    "Date": "2025-10-21",
    "ETH": 2e-08,
    "BTC": 0.34979367,
    "KRW": 46273603.08275716,
    "ETH_Position": "Hold_state",
    "BTC_Position": "Buy_full",
    "Last_ETH_weight": 0.0,
    "Last_BTC_weight": 0.25,
    "ETH_weight": 0.0,
    "BTC_weight": 0.5,
    "ETH_target": 0.0,
    "BTC_target": 0.3484777091040123,
    "ETHKRW_sell": 0.0,
    "BTCKRW_sell": 0.0,
    "KRWETH_buy": 0.0,
    "KRWBTC_buy": 23113035.47798622,
    "ETHKRW_balance": 0.11942026000000001,
    "BTCKRW_balance": 57963995.64057168,
    "KRW_balance": 46273603.08275716,
    "Total_balance": 104260324.06300482,
    "Last_day_balance": 104260324.06300482,
    "Last_month_balance": 106024580.0,
    "Last_year_balance": 107699827.0,
    "Daily_return": -0.18,
    "Monthly_return": -1.66,
    "Yearly_return": -3.19
}