{
    "Date": "2025-10-19",
    "ETH": 2e-08,
    "BTC": 0.21059753,
    "KRW": 69339106.0,
    "ETH_Position": "Hold_state",
    "BTC_Position": "Hold_state",
    "Last_ETH_weight": 0.0,
    "Last_BTC_weight": 0.5,    
    "ETH_weight": 0.0,
    "BTC_weight": 0.5,
    "ETH_target": 0.0,
    "BTC_target": 0.21059753,
    "ETHKRW_sell": 0.0,
    "BTCKRW_sell": 0.0,
    "KRWETH_buy": 0.0,
    "KRWBTC_buy": 0.0,
    "ETHKRW_balance": 0.12077958000000001,
    "BTCKRW_balance": 35000467.0,
    "KRW_balance": 69339106.0,
    "Total_balance": 104334518.0,
    "Last_day_balance": 104334518.0,
    "Last_month_balance": 106024580.0,
    "Last_year_balance": 107699827.0,
    "Daily_return": 0.00,
    "Monthly_return": -1.594028479,
    "Yearly_return": -3.124711612
}