{
    "Date": "2025-10-18",
    "ETH": 2e-08,
    "BTC": 0,
    "KRW": 103962302.30396159,
    "ETH_Position": "Hold_state",
    "BTC_Position": "Hold_state",
    "ETH_weight": 0.0,
    "BTC_weight": 0.0,
    "ETH_target": 0.0,
    "BTC_target": 0.0,
    "ETHKRW_sell": 0.0,
    "BTCKRW_sell": 0.0,
    "KRWETH_buy": 0.0,
    "KRWBTC_buy": 0.0,
    "ETHKRW_balance": 0.11850072,
    "BTCKRW_balance": 0.0,
    "KRW_balance": 103962302.30396159,
    "Total_balance": 103962302.42252159,
    "Last_day_Total_balance": 103962302.4226216,
    "Last_month_Total_balance": 106024580.0,
    "Last_year_Total_balance": 107699827.0,
    "Daily_return": 0.0,
    "Monthly_return": -4.83784609191567,
    "Yearly_return": -6.3180723586491
}