{
    "Date": "2025-10-16",
    "ETH": {
        "Position": "Hold_state",
        "ETH_weight": 0.0,
        "ETH_target": 0.0,
        "KRW_weight": 1.0,
        "ETH_model_balance": 39572587.73461427,
        "ETH": 2e-08,
        "KRW": 39572587.61293427,
        "ETH_sell_qty": 0.0,
        "KRW_buy_qty": 0.0
    },
    "BTC": {
        "Position": "Hold_state",
        "BTC_weight": 1.0,
        "BTC_target": 0.38776294,
        "KRW_weight": 0.0,
        "BTC_model_balance": 61322685.0,
        "BTC": 0.38776294,
        "KRW": 0.0,
        "BTC_sell_qty": 0.0,
        "KRW_buy_qty": 0.0
    },
    "Account": {
        "Total_balance": 100895274.0,
        "Last_day_Total_balance": 100895274.0,
        "Last_month_Total_balance": 106024580.0,
        "Last_year_Total_balance": 107699827.0,
        "Daily_return": 0.0,
        "Monthly_return": -4.83784609191567,
        "Yearly_return": -6.3180723586491
    }
}