{
    "Date": "2025-08-31",
    "Position": "Hold_full",
    "ETH_weight": 0.99,
    "ETH_target": 5.48575958,
    "CASH_weight": 0.01,
    "Invest_quantity": 0.0,
    "Total_balance": 45522195.0,
    "ETH": 5.48575958,
    "KRW": 10536887.0,
    "Last_month_Total": 43448578.0,
    "Last_year_Total": 40859674.0,
    "Daily_return": 0.0,
    "Monthly_return": 0.0,
    "Yearly_return": 5.55
}