{
    "Date": "2025-09-06",
    "Position": "Hold state",
    "ETH_weight": 0.495,
    "ETH_target": 3.66900456,
    "CASH_weight": 0.505,
    "Invest_quantity": 0.0,
    "Total_balance": 43712908.0,
    "ETH": 3.66900456,
    "KRW": 21603487.0,
    "Last_day_Total_balance": 43742273.507907055,
    "Last_month_Total_balance": 43448578.0,
    "Last_year_Total_balance": 40859674.0,
    "Daily_return": 0.0,
    "Monthly_return": -1.22,
    "Yearly_return": 5.55
}