{
    "Date": "2025-09-27",
    "Position": "Hold state",
    "ETH_weight": 0.0,
    "ETH_target": 0.0,
    "CASH_weight": 1.0,
    "Invest_quantity": 0.0,
    "Total_balance": 42823694.04208175,
    "ETH": 0,
    "KRW": 42823694.04208175,
    "Last_day_Total_balance": 42823694.04208175,
    "Last_month_Total_balance": 43448578.0,
    "Last_year_Total_balance": 40859674.0,
    "Daily_return": 0.0,
    "Monthly_return": -1.438214981208934,
    "Yearly_return": 4.806744278189178
}