{
    "Date": "2025-08-31",
    "Position": "Hold_full",
    "ETH_weight": 0.495,
    "ETH_target": 3.65575958,
    "CASH_weight": 0.505,
    "Invest_quantity": 0.495,
    "Total_balance": 44152240.0,
    "ETH": 3.65575958,
    "KRW": 21680286.0,
    "Last_day_Total": 44152240.0,
    "Last_month_Total": 43448578.0,
    "Last_year_Total": 40859674.0,
    "Daily_return": 0.0,
    "Monthly_return": 0.0,
    "Yearly_return": 5.55
}