{
    "Date": "2025-09-15",
    "Position": "Hold state",
    "ETH_weight": 0.99,
    "ETH_target": 7.14663446,
    "CASH_weight": 0.01,
    "Invest_quantity": 0.0,
    "Total_balance": 45831367.5281229,
    "ETH": 7.14663446,
    "KRW": 0.7361429,
    "Last_day_Total_balance": 46381658.3815429,
    "Last_month_Total_balance": 43448578.0,
    "Last_year_Total_balance": 40859674.0,
    "Daily_return": -1.1864406591355934,
    "Monthly_return": 5.484159983608444,
    "Yearly_return": 12.167726859795557
}