{
    "Date": "2025-09-12",
    "Position": "Buy full",
    "ETH_weight": 0.99,
    "ETH_target": 7.14663446,
    "CASH_weight": 0.01,
    "Invest_quantity": 21452086.170412086,
    "Total_balance": 44995210.0,
    "ETH": 7.14663446,
    "KRW": 0,
    "Last_day_Total_balance": 43811902.88400176,
    "Last_month_Total_balance": 43448578.0,
    "Last_year_Total_balance": 40859674.0,
    "Daily_return": 1.4110616931862703,
    "Monthly_return": 2.2590793711450843,
    "Yearly_return": 8.738302372784181
}