{
    "Date": "2025-09-27",
    "Position": "Hold state",
    "BTC_weight": 0.0,
    "BTC_target": 0.0,
    "CASH_weight": 1.0,
    "Invest_quantity": 0.0,
    "Total_balance": 45516.2031747579,
    "BTC": 0.00007719,
    "USDT": 45509.47303104,
    "Last_day_Total_balance": 45505.59,
    "Last_month_Total_balance": 47975.8000378226,
    "Last_year_Total_balance": 47975.8000378226,
    "Daily_return": 0.02332279343681876,
    "Monthly_return": -5.126744861212587,
    "Yearly_return": -5.126744861212587
}