{
    "Date": "2025-09-27",
    "Position": "Sell full",
    "BTC_weight": 0.0,
    "BTC_target": 0.0,
    "CASH_weight": 1.0,
    "Invest_quantity": 18736.90522470855,
    "Total_balance": 45505.59,
    "BTC": 0.00007809,
    "USDT": 45505.59088803,
    "Last_day_Total_balance": 46566.1137591144,
    "Last_month_Total_balance": 47975.8000378226,
    "Last_year_Total_balance": 47975.8000378226,
    "Daily_return": -2.277458163248213,
    "Monthly_return": -2.763798044079018,
    "Yearly_return": -2.763798044079018
}