{
    "Date": "2025-09-24",
    "Position": "Sell full",
    "BTC_weight": 0.0,
    "BTC_target": 0.0,
    "CASH_weight": 1.0,
    "Invest_quantity": 0.15551668,
    "Total_balance": 46566.1137591144,
    "BTC": 0.07775668,
    "USDT": 37848.5339954,
    "Last_day_Total_balance": 46704.24,
    "Last_month_Total_balance": 47975.8000378226,
    "Last_year_Total_balance": 47975.8000378226,
    "Daily_return": -0.2957466835679121,
    "Monthly_return": -2.9383278186019766,
    "Yearly_return": -2.9383278186019766
}