{
    "Date": "2025-09-21",
    "Position": "Hold state",
    "BTC_weight": 0.99,
    "BTC_target": 0.41471678,
    "CASH_weight": 0.01,
    "Invest_quantity": 0.0,
    "Total_balance": 47950.404862463205,
    "BTC": 0.41471668,
    "USDT": 0.86646803,
    "Last_day_Total_balance": 47975.8000378226,
    "Last_month_Total_balance": 47975.8000378226,
    "Last_year_Total_balance": 47975.8000378226,
    "Daily_return": -0.05293330249703603,
    "Monthly_return": -0.15838169562908974,
    "Yearly_return": -0.15838169562908974
}