{
    "Date": "2025-09-25",
    "Position": "Buy half",
    "BTC_weight": 0.495,
    "BTC_target": 0.08266331096332151,
    "CASH_weight": 0.505,
    "Invest_quantity": 18736.90522470855,
    "Total_balance": 46649.845814746,
    "BTC": 0.2454688,
    "USDT": 18815.37272009,
    "Last_day_Total_balance": 46566.1137591144,
    "Last_month_Total_balance": 47975.8000378226,
    "Last_year_Total_balance": 47975.8000378226,
    "Daily_return": 0.17981327809475678,
    "Monthly_return": -2.763798044079018,
    "Yearly_return": -2.763798044079018
}