{
    "Date": "2025-09-23",
    "Position": "Sell half",
    "BTC_weight": 0.5,
    "BTC_target": 0.20735834,
    "CASH_weight": 0.5,
    "Invest_quantity": 0.20735834,
    "Total_balance": 46704.24,
    "BTC": 0.15551668,
    "USDT": 29154.49702287,
    "Last_day_Total_balance": 47815.850088577194,
    "Last_month_Total_balance": 47975.8000378226,
    "Last_year_Total_balance": 47975.8000378226,
    "Daily_return": -2.4130724283194023,
    "Monthly_return": -2.738424462048901,
    "Yearly_return": -2.738424462048901
}