{
    "Date": "2025-09-07",
    "Position": "Hold state",
    "ETH_weight": 0.495,
    "ETH_target": 3.65900456,
    "CASH_weight": 0.505,
    "Invest_quantity": 0.0,
    "Total_balance": 43596598.730654,
    "ETH": 3.6590045599999996,
    "KRW": 21664519.90950716,
    "Last_day_Total_balance": 43584505.235480845,
    "Last_month_Total_balance": 43448578.0,
    "Last_year_Total_balance": 40859674.0,
    "Daily_return": 0.02774723518786513,
    "Monthly_return": 0.34068026496517617,
    "Yearly_return": 6.698351853355465
}